Balanced radical model,02.03.2022,Bert Schenk
Synchronized empowering core,07.03.2022,Prof. Gerald Girschner MBA.
Inverse 24hour array,06.03.2022,Prof. Adriana Loos
Programmable zero administration toolset,07.03.2022,Elizabeth Preiß B.Sc.
Exclusive real-time focus group,18.03.2022,Gundi Budig B.Sc.
Re-engineered directional standardization,16.03.2022,Edeltraut Trubin-Haering
Reactive exuding circuit,03.03.2022,Hans-J. Weimer B.A.
Quality-focused hybrid artificial intelligence,27.03.2022,Ing. Tülay Ladeck B.Sc.
Enterprise-wide holistic approach,15.03.2022,Univ.Prof. Enno Wagner B.A.
Robust 24/7 website,28.03.2022,Rosmarie Steinberg-Aumann
Front-line regional approach,13.03.2022,Achim Schenk
Inverse heuristic hub,28.03.2022,Ing. Nurettin Kroker MBA.
Face-to-face content-based circuit,10.03.2022,Herr Maurizio Gorlitz B.Sc.
Operative stable artificial intelligence,02.03.2022,Edwin Jockel
Managed executive infrastructure,05.03.2022,Roswitha Spieß
De-engineered national utilization,15.03.2022,Hagen Gröttner
Automated background concept,10.03.2022,Alexandre Döring
Horizontal web-enabled Graphical User Interface,25.03.2022,Renato Scheibe B.Eng.
Progressive encompassing hub,23.03.2022,Auguste Schenk
User-friendly content-based support,25.03.2022,Anka Jüttner
